Date,Exchange Rate
2018-10-21,6636.8
2018-10-20,6609.7
2018-10-19,6630.2
2018-10-18,6778.2
2018-10-17,6792.7
2018-10-16,6891.8
2018-10-15,7704.2
2018-10-14,6399.1
2018-10-13,6331.4
2018-10-12,6348.4
2018-10-11,6628.0
2018-10-10,6659.7
2018-10-09,6680.6
2018-10-08,6718.4
2018-10-07,6633.7
2018-10-06,6648.2
2018-10-05,6666.9
2018-10-04,6640.0
2018-10-03,6552.5
2018-10-02,6638.4
2018-10-01,6659.6
2018-09-30,6656.5
2018-09-29,6631.2
2018-09-28,6825.0
2018-09-27,6727.2
2018-09-26,6552.7
2018-09-25,6585.1
2018-09-24,6721.7
2018-09-23,6783.3
2018-09-22,6840.0
2018-09-21,6790.0
2018-09-20,6535.0
2018-09-19,6521.5
2018-09-18,6384.0
2018-09-17,6532.8
2018-09-16,6517.8
2018-09-15,6568.9
2018-09-14,6593.0
2018-09-13,6523.4
2018-09-12,6355.0
2018-09-11,6397.1
2018-09-10,6363.5
2018-09-09,6427.6
2018-09-08,6475.1
2018-09-07,6532.9
2018-09-06,6720.8
2018-09-05,7400.0
2018-09-04,7410.3
2018-09-03,7341.4
2018-09-02,7367.0
2018-09-01,7260.4
2018-08-31,7084.0
2018-08-30,7060.0
2018-08-29,7133.6
2018-08-28,7127.2
2018-08-27,6911.6
2018-08-26,6784.1
2018-08-25,6795.5
2018-08-24,6728.3
2018-08-23,6565.6
2018-08-22,6885.0
2018-08-21,6500.0
2018-08-20,6520.6
2018-08-19,6550.0
2018-08-18,6615.0
2018-08-17,6588.7
2018-08-16,6474.7
2018-08-15,6623.8
2018-08-14,6244.0
2018-08-13,6541.8
2018-08-12,6481.7
2018-08-11,6485.7
2018-08-10,6573.6
2018-08-09,6623.7
2018-08-08,6720.1
2018-08-07,7149.9
2018-08-06,7149.9
2018-08-05,7089.7
2018-08-04,7490.0
2018-08-03,7533.2
2018-08-02,7707.1
2018-08-01,7755.6
2018-07-31,8179.5
2018-07-30,8274.2
2018-07-29,8293.9
2018-07-28,8246.4
2018-07-27,8280.3
2018-07-26,8313.1
2018-07-25,8485.7
2018-07-24,8500.2
2018-07-23,7800.7
2018-07-22,7572.7
2018-07-21,7458.0
2018-07-20,7681.0
2018-07-19,7559.9
2018-07-18,7586.5
2018-07-17,7462.9
2018-07-16,6750.0
2018-07-15,6388.9
2018-07-14,6320.0
2018-07-13,6335.1
2018-07-12,6377.7
2018-07-11,6402.8
2018-07-10,6680.1
2018-07-09,6820.0
2018-07-08,6790.8
2018-07-07,6826.1
2018-07-06,6636.9
2018-07-05,6697.7
2018-07-04,6778.3
2018-07-03,6672.4
2018-07-02,6672.4
2018-07-01,6435.0
2018-06-30,6518.1
2018-06-29,6273.0
2018-06-28,6167.7
2018-06-27,6181.4
2018-06-26,6273.7
2018-06-25,6334.2
2018-06-24,6249.7
2018-06-23,6253.9
2018-06-22,6730.7
2018-06-21,6787.1
2018-06-20,6818.2
2018-06-19,6832.9
2018-06-18,6826.8
2018-06-17,6573.0
2018-06-16,6557.2
2018-06-15,6655.5
2018-06-14,6703.4
2018-06-13,6611.7
2018-06-12,6873.2
2018-06-11,6897.0
2018-06-10,7498.1
2018-06-09,7684.9
2018-06-08,7697.0
2018-06-07,7756.1
2018-06-06,7698.0
2018-06-05,7669.0
2018-06-04,7761.5
2018-06-03,7777.4
2018-06-02,7691.2
2018-06-01,7599.8
2018-05-31,7599.7
2018-05-30,7557.5
2018-05-29,7527.9
2018-05-28,7434.8
2018-05-27,7411.5
2018-05-26,7621.7
2018-05-25,7654.1
2018-05-24,7718.0
2018-05-23,8020.0
2018-05-22,8406.5
2018-05-21,8586.9
2018-05-20,8580.0
2018-05-19,8400.1
2018-05-18,8276.6
2018-05-17,8466.9
2018-05-16,8488.7
2018-05-15,8838.0
2018-05-14,8882.4
2018-05-13,8753.0
2018-05-12,8631.6
2018-05-11,9015.2
2018-05-10,9390.0
2018-05-09,9370.9
2018-05-08,9469.7
2018-05-07,9675.7
2018-05-06,9963.9
2018-05-05,9990.0
2018-05-04,9811.9
2018-05-03,9838.0
2018-05-02,9279.8
2018-05-01,9240.7
2018-04-30,9450.0
2018-04-29,9564.1
2018-04-28,9436.0
2018-04-27,9381.1
2018-04-26,9308.0
2018-04-25,9761.5
2018-04-24,9737.9
2018-04-23,8940.0
2018-04-22,8979.8
2018-04-21,9029.0
2018-04-20,8937.5
2018-04-19,8296.8
2018-04-18,8229.0
2018-04-17,8169.0
2018-04-16,8415.0
2018-04-15,8426.3
2018-04-14,8182.0
2018-04-13,8230.0
2018-04-12,8083.7
2018-04-11,6975.7
2018-04-10,6890.6
2018-04-09,7187.4
2018-04-08,7114.8
2018-04-07,7075.4
2018-04-06,6851.5
2018-04-05,6911.0
2018-04-04,7422.0
2018-04-03,7509.6
2018-04-02,7121.4
2018-04-01,7035.1
2018-03-31,7221.9
2018-03-30,7267.3
2018-03-29,7963.9
2018-03-28,8118.0
2018-03-27,8209.0
2018-03-26,8496.4
2018-03-25,8673.9
2018-03-24,9040.2
2018-03-23,8910.0
2018-03-22,9088.0
2018-03-21,9175.2
2018-03-20,9025.0
2018-03-19,8689.9
2018-03-18,8285.6
2018-03-17,8350.1
2018-03-16,8602.7
2018-03-15,8416.7
2018-03-14,9400.1
2018-03-13,9479.0
2018-03-12,9894.7
2018-03-11,9726.1
2018-03-10,9500.0
2018-03-09,9420.5
2018-03-08,10109.0
2018-03-07,10899.0
2018-03-06,11403.0
2018-03-05,11696.0
2018-03-04,11544.0
2018-03-03,11526.0
2018-03-02,11189.0
2018-03-01,11087.0
2018-02-28,11063.0
2018-02-27,10880.0
2018-02-26,10437.0
2018-02-25,9840.0
2018-02-24,10499.0
2018-02-23,10395.0
2018-02-22,10912.0
2018-02-21,11239.0
2018-02-20,11776.0
2018-02-19,11250.0
2018-02-18,11250.0
2018-02-17,11083.0
2018-02-16,10270.0
2018-02-15,10175.0
2018-02-14,9488.0
2018-02-13,8952.8
2018-02-12,9000.0
2018-02-11,8569.0
2018-02-10,9074.3
2018-02-09,8748.0
2018-02-08,8648.8
2018-02-07,8488.2
2018-02-06,7860.0
2018-02-05,8378.0
2018-02-04,9403.3
2018-02-03,9495.0
2018-02-02,9201.0
2018-02-01,10311.0
2018-01-31,10411.0
2018-01-30,11250.0
2018-01-29,11957.0
2018-01-28,12181.0
2018-01-27,11683.0
2018-01-26,11647.0
2018-01-25,11723.0
2018-01-24,11529.0
2018-01-23,11383.0
2018-01-22,11886.0
2018-01-21,12732.0
2018-01-20,13002.0
2018-01-19,11879.0
2018-01-18,11881.0
2018-01-17,11490.0
2018-01-16,13604.0
2018-01-15,14350.0
2018-01-14,14391.0
2018-01-13,14580.0
2018-01-12,14095.0
2018-01-11,14949.8
2018-01-10,14896.0
2018-01-09,15355.0
2018-01-08,16279.0
2018-01-07,17176.0
2018-01-06,17252.0
2018-01-05,17101.0
2018-01-04,15390.0
2018-01-03,15428.0
2018-01-02,15300.0
2018-01-01,13893.0
2017-12-31,14140.0
2017-12-30,14403.0
2017-12-29,15105.0
2017-12-28,15467.0
2017-12-27,16494.0
2017-12-26,16048.0
2017-12-25,14278.0
2017-12-24,14047.0
2017-12-23,14986.0
2017-12-22,15826.0
2017-12-21,17333.0
2017-12-20,17709.0
2017-12-19,18987.0
2017-12-18,19171.0
2017-12-17,19891.0
2017-12-16,19548.0
2017-12-15,18098.0
2017-12-14,16999.0
2017-12-13,17288.0
2017-12-12,17500.0
2017-12-11,17443.0
2017-12-10,15728.0
2017-12-09,16300.0
2017-12-08,17160.0
2017-12-07,16639.0
2017-12-06,13598.0
2017-12-05,11949.0
2017-12-04,11598.0
2017-12-03,11842.0
2017-12-02,11187.0
2017-12-01,10949.0
2017-11-30,10540.0
2017-11-29,11427.2
2017-11-28,9977.8
2017-11-27,9760.7
2017-11-26,9495.0
2017-11-25,8770.0
2017-11-24,8350.7
2017-11-23,8267.6
2017-11-22,8310.0
2017-11-21,8380.0
2017-11-20,8310.2
2017-11-19,8126.9
2017-11-18,7867.0
2017-11-17,8029.8
2017-11-16,8012.9
2017-11-15,7310.2
2017-11-14,6687.8
2017-11-13,6680.0
2017-11-12,6465.0
2017-11-11,6788.0
2017-11-10,7313.1
2017-11-09,7447.0
2017-11-08,7895.0
2017-11-07,7214.4
2017-11-06,7429.5
2017-11-05,7595.0
2017-11-04,7521.1
2017-11-03,7447.5
2017-11-02,7315.1
2017-11-01,6727.3
2017-10-31,6472.1
2017-10-30,6237.2
2017-10-29,6330.0
2017-10-28,5863.9
2017-10-27,6010.2
2017-10-26,5966.6
2017-10-25,5743.9
2017-10-24,5902.5
2017-10-23,6051.0
2017-10-22,6069.6
2017-10-21,6190.0
2017-10-20,6082.2
2017-10-19,5741.0
2017-10-18,5597.9
2017-10-17,5779.0
2017-10-16,5803.2
2017-10-15,5876.9
2017-10-14,5854.3
2017-10-13,5874.3
2017-10-12,5437.6
2017-10-11,4879.5
2017-10-10,4940.0
2017-10-09,4874.9
2017-10-08,4630.0
2017-10-07,4477.1
2017-10-06,4424.5
2017-10-05,4364.6
2017-10-04,4353.8
2017-10-03,4439.9
2017-10-02,4482.0
2017-10-01,4420.5
2017-09-30,4393.4
2017-09-29,4244.6
2017-09-28,4268.6
2017-09-27,4226.5
2017-09-26,3983.0
2017-09-25,3977.0
2017-09-24,3781.3
2017-09-23,3808.0
2017-09-22,3743.6
2017-09-21,3903.7
2017-09-20,4048.0
2017-09-19,4110.0
2017-09-18,4113.9
2017-09-17,3775.9
2017-09-16,3874.0
2017-09-15,3809.0
2017-09-14,3917.2
2017-09-13,4159.6
2017-09-12,4378.4
2017-09-11,4373.1
2017-09-10,4325.0
2017-09-09,4381.2
2017-09-08,4686.2
2017-09-07,4672.8
2017-09-06,4631.4
2017-09-05,4469.9
2017-09-04,4606.0
2017-09-03,4699.8
2017-09-02,4969.0
2017-09-01,4927.4
2017-08-31,4749.9
2017-08-30,4641.1
2017-08-29,4644.2
2017-08-28,4395.2
2017-08-27,4405.7
2017-08-26,4364.0
2017-08-25,4461.2
2017-08-24,4370.8
2017-08-23,4248.6
2017-08-22,4140.0
2017-08-21,4093.5
2017-08-20,4192.0
2017-08-19,4184.1
2017-08-18,4359.0
2017-08-17,4489.1
2017-08-16,4403.6
2017-08-15,4430.0
2017-08-14,4330.3
2017-08-13,4183.7
2017-08-12,3965.4
2017-08-11,3690.6
2017-08-10,3444.4
2017-08-09,3424.4
2017-08-08,3482.9
2017-08-07,3440.0
2017-08-06,3309.8
2017-08-05,3331.9
2017-08-04,2874.8
2017-08-03,2813.0
2017-08-02,2757.8
2017-08-01,2901.6
2017-07-31,2883.5
2017-07-30,2756.2
2017-07-29,2794.2
2017-07-28,2819.9
2017-07-27,2682.2
2017-07-26,2612.0
2017-07-25,2790.1
2017-07-24,2812.0
2017-07-23,2875.7
2017-07-22,2912.9
2017-07-21,2874.5
2017-07-20,2919.9
2017-07-19,2399.9
2017-07-18,2380.2
2017-07-17,2223.3
2017-07-16,2048.8
2017-07-15,2210.1
2017-07-14,2345.6
2017-07-13,2400.0
2017-07-12,2394.0
2017-07-11,2372.8
2017-07-10,2498.1
2017-07-09,2555.6
2017-07-08,2542.6
2017-07-07,2598.0
2017-07-06,2603.3
2017-07-05,2617.6
2017-07-04,2628.0
2017-07-03,2584.0
2017-07-02,2470.0
2017-07-01,2440.9
2017-06-30,2511.1
2017-06-29,2537.0
2017-06-28,2561.1
2017-06-27,2524.0
2017-06-26,2510.4
2017-06-25,2595.0
2017-06-24,2700.0
2017-06-23,2725.3
2017-06-22,2709.0
2017-06-21,2760.0
2017-06-20,2779.6
2017-06-19,2592.7
2017-06-18,2635.0
2017-06-17,2636.9
2017-06-16,2480.0
2017-06-15,2455.0
2017-06-14,2720.0
2017-06-13,2730.0
2017-06-12,2961.9
2017-06-11,3000.0
2017-06-10,2890.5
2017-06-09,2849.8
2017-06-08,2789.3
2017-06-07,2850.0
2017-06-06,2896.5
2017-06-05,2637.5
2017-06-04,2498.0
2017-06-03,2481.0
2017-06-02,2407.8
2017-06-01,2366.7
2017-05-31,2240.1
2017-05-30,2263.1
2017-05-29,2249.8
2017-05-28,2193.0
2017-05-27,2207.9
2017-05-26,2477.0
2017-05-25,2689.0
2017-05-24,2443.8
2017-05-23,2262.9
2017-05-22,2219.9
2017-05-21,2099.1
2017-05-20,2072.2
2017-05-19,2000.0
2017-05-18,1949.9
2017-05-17,1892.9
2017-05-16,1795.1
2017-05-15,1828.5
2017-05-14,1852.4
2017-05-13,1824.0
2017-05-12,1864.8
2017-05-11,1908.0
2017-05-10,1817.4
2017-05-09,1813.9
2017-05-08,1715.0
2017-05-07,1631.3
2017-05-06,1605.0
2017-05-05,1665.5
2017-05-04,1701.9
2017-05-03,1626.9
2017-05-02,1604.6
2017-05-01,1560.0
2017-04-30,1443.5
2017-04-29,1436.6
2017-04-28,1447.0
2017-04-27,1449.7
2017-04-26,1411.7
2017-04-25,1378.5
2017-04-24,1359.6
2017-04-23,1359.0
2017-04-22,1353.1
2017-04-21,1333.1
2017-04-20,1325.7
2017-04-19,1272.0
2017-04-18,1274.8
2017-04-17,1247.0
2017-04-16,1217.6
2017-04-15,1215.0
2017-04-14,1219.1
2017-04-13,1235.1
2017-04-12,1239.0
2017-04-11,1243.4
2017-04-10,1229.9
2017-04-09,1226.9
2017-04-08,1202.6
2017-04-07,1208.9
2017-04-06,1206.4
2017-04-05,1146.7
2017-04-04,1161.9
2017-04-03,1159.9
2017-04-02,1118.2
2017-04-01,1106.9
2017-03-31,1089.4
2017-03-30,1053.5
2017-03-29,1058.9
2017-03-28,1066.5
2017-03-27,1046.9
2017-03-26,1005.5
2017-03-25,980.0
2017-03-24,1034.2
2017-03-23,1055.0
2017-03-22,1116.0
2017-03-21,1120.9
2017-03-20,1052.1
2017-03-19,1058.9
2017-03-18,1097.1
2017-03-17,1169.6
2017-03-16,1259.7
2017-03-15,1262.0
2017-03-14,1257.9
2017-03-13,1246.9
2017-03-12,1232.6
2017-03-11,1196.1
2017-03-10,1328.8
2017-03-09,1207.5
2017-03-08,1243.6
2017-03-07,1281.8
2017-03-06,1287.8
2017-03-05,1279.8
2017-03-04,1291.8
2017-03-03,1294.7
2017-03-02,1283.1
2017-03-01,1233.5
2017-02-28,1216.0
2017-02-27,1202.6
2017-02-26,1185.9
2017-02-25,1189.9
2017-02-24,1222.2
2017-02-23,1196.9
2017-02-22,1140.0
2017-02-21,1134.0
2017-02-20,1100.3
2017-02-19,1066.0
2017-02-18,1071.1
2017-02-17,1065.8
2017-02-16,1045.7
2017-02-15,1017.3
2017-02-14,1019.0
2017-02-13,1004.5
2017-02-12,1005.4
2017-02-11,1009.0
2017-02-10,1002.0
2017-02-09,1078.0
2017-02-08,1068.0
2017-02-07,1056.3
2017-02-06,1026.2
2017-02-05,1033.0
2017-02-04,1040.0
2017-02-03,1020.5
2017-02-02,1010.5
2017-02-01,985.0
2017-01-31,969.4
2017-01-30,920.8
2017-01-29,923.0
2017-01-28,924.0
2017-01-27,922.2
2017-01-26,917.6
2017-01-25,899.6
2017-01-24,927.0
2017-01-23,928.8
2017-01-22,939.7
2017-01-21,931.0
2017-01-20,904.5
2017-01-19,908.2
2017-01-18,913.8
2017-01-17,910.8
2017-01-16,837.9
2017-01-15,823.0
2017-01-14,838.5
2017-01-13,832.3
2017-01-12,831.2
2017-01-11,922.6
2017-01-10,917.9
2017-01-09,916.1
2017-01-08,942.5
2017-01-07,911.0
2017-01-06,1025.0
2017-01-05,1166.0
2017-01-04,1150.0
2017-01-03,1038.7
2017-01-02,1034.8
2017-01-01,1006.5
2016-12-31,968.0
2016-12-30,974.7
2016-12-29,983.0
2016-12-28,983.0
2016-12-27,940.0
2016-12-26,920.0
2016-12-25,901.5
2016-12-24,919.8
2016-12-23,920.0
2016-12-22,873.9
2016-12-21,830.5
2016-12-20,802.3
2016-12-19,792.2
2016-12-18,792.8
2016-12-17,793.0
2016-12-16,785.0
2016-12-15,780.1
2016-12-14,781.2
2016-12-13,788.9
2016-12-12,784.1
2016-12-11,773.7
2016-12-10,777.8
2016-12-09,772.7
2016-12-08,773.2
2016-12-07,772.2
2016-12-06,758.5
2016-12-05,769.0
2016-12-04,770.0
2016-12-03,774.9
2016-12-02,779.2
2016-12-01,756.0
2016-11-30,743.1
2016-11-29,733.9
2016-11-28,735.0
2016-11-27,736.2
2016-11-26,741.0
2016-11-25,741.1
2016-11-24,744.3
2016-11-23,750.9
2016-11-22,753.9
2016-11-21,740.6
2016-11-20,757.0
2016-11-19,760.0
2016-11-18,756.9
2016-11-17,762.4
2016-11-16,747.5
2016-11-15,720.0
2016-11-14,709.0
2016-10-31,706.0
2016-10-30,716.6
2016-10-29,724.0
2016-10-28,695.0
2016-10-27,690.6
2016-10-26,685.6
2016-10-25,670.0
2016-10-24,659.0
2016-10-23,671.4
2016-10-22,671.0
2016-10-21,639.0
2016-10-20,633.6
2016-10-19,643.9
2016-10-18,641.7
2016-10-17,644.6
2016-10-16,645.8
2016-10-15,645.7
2016-10-14,645.4
2016-10-13,643.7
2016-10-12,644.1
2016-10-11,646.0
2016-10-10,620.0
2016-10-09,620.9
2016-10-08,622.9
2016-10-07,621.2
2016-10-06,615.9
2016-10-05,617.3
2016-10-04,614.0
2016-10-03,613.2
2016-10-02,614.2
2016-10-01,616.9
2016-09-30,612.9
2016-09-29,607.8
2016-09-28,605.8
2016-09-27,609.9
2016-09-26,610.0
2016-09-25,603.6
2016-09-24,605.8
2016-09-23,604.0
2016-09-22,598.7
2016-09-21,600.1
2016-09-20,612.0
2016-09-19,615.0
2016-09-18,615.9
2016-09-17,610.6
2016-09-16,614.2
2016-09-15,617.3
2016-09-14,617.4
2016-09-13,618.0
2016-09-12,615.2
2016-09-11,635.0
2016-09-10,629.7
2016-09-09,633.5
2016-09-08,636.2
2016-09-07,620.6
2016-09-06,616.7
2016-09-05,615.7
2016-09-04,618.7
2016-09-03,612.4
2016-09-02,581.1
2016-09-01,578.0
2016-08-31,579.5
2016-08-30,580.2
2016-08-29,578.0
2016-08-28,574.4
2016-08-27,578.9
2016-08-26,579.5
2016-08-25,581.1
2016-08-24,586.9
2016-08-23,590.7
2016-08-22,590.0
2016-08-21,584.2
2016-08-20,582.8
2016-08-19,577.2
2016-08-18,578.0
2016-08-17,577.9
2016-08-16,579.0
2016-08-15,574.0
2016-08-14,583.7
2016-08-13,590.0
2016-08-12,593.0
2016-08-11,599.0
2016-08-10,614.5
2016-08-09,604.1
2016-08-08,604.1
2016-08-07,604.1
2016-08-06,0.0
2016-08-05,0.0
2016-08-04,0.0
2016-08-03,0.0
2016-08-02,615.3
2016-08-01,627.3
2016-07-31,655.1
2016-07-30,660.5
2016-07-29,660.4
2016-07-27,657.1
2016-07-26,657.6
2016-07-25,664.4
2016-07-24,664.1
2016-07-23,657.1
2016-07-22,668.0
2016-07-21,668.0
2016-07-20,676.0
2016-07-19,676.6
2016-07-18,686.0
2016-07-17,689.7
2016-07-16,669.6
2016-07-15,669.6
2016-07-14,666.0
2016-07-13,669.9
2016-07-12,678.0
2016-07-11,662.5
2016-07-10,651.5
2016-07-09,664.8
2016-07-08,666.6
2016-07-07,682.0
2016-07-06,682.6
2016-07-05,682.7
2016-07-04,684.2
2016-07-03,707.0
2016-07-02,705.3
2016-07-01,690.6
2016-06-30,677.5
2016-06-29,646.6
2016-06-28,664.3
2016-06-27,662.2
2016-06-26,667.9
2016-06-25,698.0
2016-06-24,680.0
2016-06-23,638.2
2016-06-22,688.2
2016-06-21,715.8
2016-06-20,767.7
2016-06-19,771.9
2016-06-18,789.7
2016-06-17,780.0
2016-06-16,778.5
2016-06-15,699.1
2016-06-14,705.9
2016-06-13,719.0
2016-06-12,685.0
2016-06-11,615.0
2016-06-10,582.4
2016-06-09,583.7
2016-06-08,585.0
2016-06-07,592.1
2016-06-06,588.5
2016-06-05,586.0
2016-06-04,593.7
2016-06-03,579.0
2016-06-02,543.7
2016-06-01,546.1
2016-05-31,546.5
2016-05-30,548.4
2016-05-29,567.0
2016-05-28,541.0
2016-05-27,482.3
2016-05-26,454.7
2016-05-25,450.4
2016-05-24,447.8
2016-05-23,444.4
2016-05-22,441.0
2016-05-21,442.2
2016-05-20,443.1
2016-05-19,454.7
2016-05-18,456.9
2016-05-17,454.9
2016-05-16,459.0
2016-05-15,460.7
2016-05-14,458.5
2016-05-13,457.5
2016-05-12,456.1
2016-05-11,454.7
2016-05-10,464.0
2016-05-09,465.4
2016-05-08,461.6
2016-05-07,463.0
2016-05-06,465.0
2016-05-05,450.4
2016-05-04,451.0
2016-05-03,452.0
2016-05-02,452.5
2016-05-01,453.0
2016-04-30,456.0
2016-04-29,457.4
2016-04-28,450.8
2016-04-27,469.7
2016-04-26,472.0
2016-04-25,471.6
2016-04-24,465.0
2016-04-23,454.6
2016-04-22,453.1
2016-04-21,454.5
2016-04-20,446.5
2016-04-19,439.0
2016-04-18,430.9
2016-04-17,433.5
2016-04-16,435.7
2016-04-15,432.4
2016-04-14,426.4
2016-04-13,427.7
2016-04-12,430.0
2016-04-11,423.9
2016-04-10,422.8
2016-04-09,418.8
2016-04-08,424.5
2016-04-07,422.9
2016-04-06,424.5
2016-04-05,424.6
2016-04-04,421.2
2016-04-03,421.7
2016-04-02,422.8
2016-04-01,417.6
2016-03-31,418.3
2016-03-30,416.0
2016-03-29,426.4
2016-03-28,428.0
2016-03-27,431.0
2016-03-26,418.7
2016-03-25,417.0
2016-03-24,418.1
2016-03-23,419.7
2016-03-22,418.7
2016-03-21,412.1
2016-03-20,413.0
2016-03-19,410.7
2016-03-18,418.9
2016-03-17,420.6
2016-03-16,418.0
2016-03-15,418.8
2016-03-14,417.9
2016-03-13,416.0
2016-03-12,421.8
2016-03-11,423.6
2016-03-10,417.2
2016-03-09,414.5
2016-03-08,415.9
2016-03-07,415.3
2016-03-06,409.5
2016-03-05,410.1
2016-03-04,424.0
2016-03-03,424.4
2016-03-02,436.3
2016-03-01,442.8
2016-02-29,444.8
2016-02-28,437.8
2016-02-27,438.0
2016-02-26,435.3
2016-02-25,430.0
2016-02-24,427.5
2016-02-23,442.6
2016-02-22,442.5
2016-02-21,451.2
2016-02-20,445.0
2016-02-19,422.5
2016-02-18,426.0
2016-02-17,421.7
2016-02-16,408.8
2016-02-15,412.5
2016-02-14,408.7
2016-02-13,393.0
2016-02-12,383.5
2016-02-11,383.0
2016-02-10,386.5
2016-02-09,377.6
2016-02-08,376.7
2016-02-07,377.8
2016-02-06,386.5
2016-02-05,392.6
2016-02-04,393.9
2016-02-03,374.0
2016-02-02,374.8
2016-02-01,379.0
2016-01-31,378.9
2016-01-30,380.5
2016-01-29,385.3
2016-01-28,395.5
2016-01-27,397.0
2016-01-26,398.0
2016-01-25,402.8
2016-01-24,407.0
2016-01-23,394.0
2016-01-22,411.2
2016-01-21,424.6
2016-01-20,428.0
2016-01-19,388.4
2016-01-18,389.4
2016-01-17,392.8
2016-01-16,392.4
2016-01-15,429.4
2016-01-14,434.9
2016-01-13,436.4
2016-01-12,449.6
2016-01-11,452.5
2016-01-10,450.3
2016-01-09,456.0
2016-01-08,465.0
2016-01-07,461.9
2016-01-06,432.2
2016-01-05,434.9
2016-01-04,435.7
2016-01-03,433.1
2016-01-02,435.8
2016-01-01,436.5
2015-12-31,432.6
2015-12-30,434.0
2015-12-29,432.2
2015-12-28,429.0
2015-12-27,424.9
2015-12-26,459.3
2015-12-25,460.0
2015-12-24,459.0
2015-12-23,445.8
2015-12-22,443.6
2015-12-21,445.9
2015-12-20,462.7
2015-12-19,467.0
2015-12-18,466.6
2015-12-17,458.5
2015-12-16,467.0
2015-12-15,467.0
2015-12-14,448.1
2015-12-13,443.8
2015-12-12,475.0
2015-12-11,457.0
2015-12-10,421.0
2015-12-09,426.0
2015-12-08,421.4
2015-12-07,403.8
2015-12-06,406.8
2015-12-05,394.0
2015-12-04,364.4
2015-12-03,371.1
2015-12-02,363.1
2015-12-01,380.0
2015-11-30,384.5
2015-11-29,376.0
2015-11-28,362.1
2015-11-27,366.7
2015-11-26,369.1
2015-11-25,331.0
2015-11-24,323.8
2015-11-23,327.0
2015-11-22,327.9
2015-11-21,329.0
2015-11-20,326.8
2015-11-19,336.4
2015-11-18,338.8
2015-11-17,342.5
2015-11-16,335.0
2015-11-15,336.4
2015-11-14,340.7
2015-11-13,343.6
2015-11-12,346.2
2015-11-11,343.6
2015-11-10,383.4
2015-11-09,388.8
2015-11-08,390.3
2015-11-07,392.2
2015-11-06,396.7
2015-11-05,449.1
2015-11-04,503.4
2015-11-03,423.9
2015-11-02,372.5
2015-11-01,333.5
2015-10-31,335.4
2015-10-30,336.0
2015-10-29,321.1
2015-10-28,308.0
2015-10-27,298.7
2015-10-26,287.9
2015-10-25,296.0
2015-10-24,284.5
2015-10-23,280.9
2015-10-22,280.0
2015-10-21,272.3
2015-10-20,273.9
2015-10-19,268.3
2015-10-18,274.6
2015-10-17,275.1
2015-10-16,267.8
2015-10-15,257.5
2015-10-14,255.9
2015-10-13,253.4
2015-10-12,248.4
2015-10-11,248.7
2015-10-10,246.4
2015-10-09,245.4
2015-10-08,245.6
2015-10-07,247.9
2015-10-06,249.0
2015-10-05,242.7
2015-10-04,240.9
2015-10-03,241.1
2015-10-02,240.0
2015-10-01,240.1
2015-09-30,238.8
2015-09-29,241.5
2015-09-28,241.4
2015-09-27,234.8
2015-09-26,235.9
2015-09-25,237.6
2015-09-24,236.3
2015-09-23,233.0
2015-09-22,233.3
2015-09-21,233.0
2015-09-20,233.2
2015-09-19,234.2
2015-09-18,236.2
2015-09-17,235.7
2015-09-16,232.1
2015-09-15,232.9
2015-09-14,233.8
2015-09-13,236.9
2015-09-12,241.0
2015-09-11,242.9
2015-09-10,241.9
2015-09-09,245.6
2015-09-08,247.7
2015-09-07,243.0
2015-09-06,246.5
2015-09-05,239.7
2015-09-04,231.6
2015-09-03,229.9
2015-09-02,231.8
2015-09-01,232.3
2015-08-31,233.7
2015-08-30,233.5
2015-08-29,233.9
2015-08-28,237.3
2015-08-27,229.2
2015-08-26,232.2
2015-08-25,227.9
2015-08-24,228.6
2015-08-23,232.9
2015-08-22,234.6
2015-08-21,236.4
2015-08-20,237.8
2015-08-19,239.4
2015-08-18,258.5
2015-08-17,262.0
2015-08-16,262.9
2015-08-15,267.8
2015-08-14,268.9
2015-08-13,268.0
2015-08-12,273.8
2015-08-11,272.0
2015-08-10,267.7
2015-08-09,267.6
2015-08-08,280.3
2015-08-07,281.0
2015-08-06,282.6
2015-08-05,285.9
2015-08-04,285.9
2015-08-03,287.0
2015-08-02,283.3
2015-08-01,285.0
2015-07-31,289.9
2015-07-30,291.0
2015-07-29,295.4
2015-07-28,298.9
2015-07-27,298.7
2015-07-26,294.5
2015-07-25,292.4
2015-07-24,289.9
2015-07-23,278.4
2015-07-22,278.4
2015-07-21,282.1
2015-07-20,280.5
2015-07-19,279.2
2015-07-18,283.3
2015-07-17,281.5
2015-07-16,294.3
2015-07-15,294.4
2015-07-14,297.1
2015-07-13,312.0
2015-07-12,316.0
2015-07-10,292.7
2015-07-09,272.8
2015-07-08,271.4
2015-07-07,268.9
2015-07-06,276.5
2015-07-05,265.3
2015-07-04,261.9
2015-07-03,256.9
2015-07-02,262.6
2015-07-01,264.8
2015-06-30,268.9
2015-06-29,257.7
2015-06-28,252.1
2015-06-27,251.8
2015-06-26,243.9
2015-06-25,243.0
2015-06-24,244.3
2015-06-23,247.4
2015-06-22,248.0
2015-06-21,245.7
2015-06-20,245.9
2015-06-19,252.1
2015-06-18,253.7
2015-06-17,259.1
2015-06-16,253.9
2015-06-15,238.2
2015-06-14,235.4
2015-06-13,233.5
2015-06-12,231.3
2015-06-11,230.7
2015-06-10,229.9
2015-06-09,232.0
2015-06-08,230.6
2015-06-07,226.7
2015-06-06,226.9
2015-06-05,229.2
2015-06-04,225.8
2015-06-03,227.0
2015-06-02,226.0
2015-06-01,230.9
2015-05-31,232.7
2015-05-30,236.7
2015-05-29,237.2
2015-05-28,237.5
2015-05-27,239.3
2015-05-26,238.5
2015-05-25,241.1
2015-05-24,243.0
2015-05-23,241.2
2015-05-22,241.8
2015-05-21,236.5
2015-05-20,235.2
2015-05-19,235.7
2015-05-18,237.3
2015-05-17,238.0
2015-05-16,237.6
2015-05-15,238.9
2015-05-14,238.2
2015-05-13,245.0
2015-05-12,244.4
2015-05-11,245.5
2015-05-10,245.9
2015-05-09,249.1
2015-05-08,248.5
2015-05-07,239.8
2015-05-06,236.8
2015-05-05,239.4
2015-05-04,243.6
2015-05-03,243.7
2015-05-02,235.8
2015-05-01,239.2
2015-04-30,240.2
2015-04-29,227.8
2015-04-28,228.1
2015-04-27,232.0
2015-04-26,221.5
2015-04-25,232.7
2015-04-24,236.2
2015-04-23,237.0
2015-04-22,239.0
2015-04-21,236.2
2015-04-20,227.0
2015-04-19,226.8
2015-04-18,224.2
2015-04-17,229.0
2015-04-16,230.0
2015-04-15,224.0
2015-04-14,225.8
2015-04-13,237.7
2015-04-12,238.7
2015-04-11,240.0
2015-04-10,243.7
2015-04-09,246.8
2015-04-08,255.0
2015-04-07,257.9
2015-04-06,262.4
2015-04-05,261.3
2015-04-04,255.7
2015-04-03,256.4
2015-04-02,254.9
2015-04-01,248.5
2015-03-31,248.8
2015-03-30,248.7
2015-03-29,250.0
2015-03-28,255.4
2015-03-27,250.4
2015-03-26,255.0
2015-03-25,250.0
2015-03-24,268.4
2015-03-23,271.5
2015-03-22,270.8
2015-03-21,263.0
2015-03-20,267.0
2015-03-19,267.9
2015-03-18,285.2
2015-03-17,292.8
2015-03-16,295.1
2015-03-15,287.8
2015-03-14,287.5
2015-03-13,295.9
2015-03-12,298.8
2015-03-11,298.7
2015-03-10,303.8
2015-03-09,295.0
2015-03-08,278.7
2015-03-07,280.0
2015-03-06,277.9
2015-03-05,284.5
2015-03-04,286.0
2015-03-03,290.3
2015-03-02,279.6
2015-03-01,266.0
2015-02-28,257.4
2015-02-27,262.6
2015-02-26,238.3
2015-02-25,240.8
2015-02-24,241.0
2015-02-23,241.0
2015-02-22,247.8
2015-02-21,247.7
2015-02-20,248.3
2015-02-19,243.4
2015-02-18,245.0
2015-02-17,246.3
2015-02-16,243.3
2015-02-15,268.3
2015-02-14,261.2
2015-02-13,242.5
2015-02-12,223.2
2015-02-11,223.3
2015-02-10,222.0
2015-02-09,225.0
2015-02-08,231.6
2015-02-07,230.5
2015-02-06,226.6
2015-02-05,228.9
2015-02-04,231.0
2015-02-03,243.9
2015-02-02,240.1
2015-02-01,233.8
2015-01-31,234.7
2015-01-30,244.6
2015-01-29,242.0
2015-01-28,266.0
2015-01-27,278.5
2015-01-26,322.7
2015-01-25,256.3
2015-01-24,250.6
2015-01-23,235.0
2015-01-22,257.7
2015-01-21,225.5
2015-01-20,218.0
2015-01-19,216.2
2015-01-18,218.3
2015-01-17,211.0
2015-01-16,225.0
2015-01-15,234.5
2015-01-14,230.5
2015-01-13,267.6
2015-01-12,281.0
2015-01-11,280.0
2015-01-10,292.4
2015-01-09,295.6
2015-01-08,296.2
2015-01-07,303.8
2015-01-06,287.8
2015-01-05,276.5
2015-01-04,288.9
2015-01-03,314.8
2015-01-02,316.0
2015-01-01,317.5
2014-12-31,317.6
2014-12-30,315.3
2014-12-29,321.5
2014-12-28,318.6
2014-12-27,327.1
2014-12-26,329.8
2014-12-25,323.1
2014-12-24,334.3
2014-12-23,335.2
2014-12-22,329.2
2014-12-21,328.4
2014-12-20,330.0
2014-12-19,317.0
2014-12-18,321.1
2014-12-17,337.0
2014-12-16,348.1
2014-12-15,354.1
2014-12-14,356.8
2014-12-13,352.6
2014-12-12,357.0
2014-12-11,363.3
2014-12-10,356.2
2014-12-09,364.4
2014-12-08,375.6
2014-12-07,376.7
2014-12-06,379.1
2014-12-05,380.6
2014-12-04,378.9
2014-12-03,383.1
2014-12-02,382.6
2014-12-01,380.0
2014-11-30,380.3
2014-11-29,383.0
2014-11-28,380.3
2014-11-27,373.5
2014-11-26,378.3
2014-11-25,390.0
2014-11-24,387.0
2014-11-23,360.6
2014-11-22,360.3
2014-11-21,356.0
2014-11-20,380.6
2014-11-19,381.6
2014-11-18,390.9
2014-11-17,407.0
2014-11-16,391.9
2014-11-15,406.3
2014-11-14,414.6
2014-11-13,445.0
2014-11-12,431.1
2014-11-11,367.2
2014-11-10,372.5
2014-11-09,360.0
2014-11-08,345.0
2014-11-07,350.0
2014-11-06,349.7
2014-11-05,341.0
2014-11-04,330.2
2014-11-03,335.5
2014-11-02,329.4
2014-11-01,338.4
2014-10-31,346.5
2014-10-30,350.6
2014-10-29,352.3
2014-10-28,353.2
2014-10-27,355.0
2014-10-26,356.3
2014-10-25,357.5
2014-10-24,359.9
2014-10-23,381.0
2014-10-22,385.5
2014-10-21,387.8
2014-10-20,386.8
2014-10-19,389.1
2014-10-18,391.8
2014-10-17,385.7
2014-10-16,395.0
2014-10-15,397.9
2014-10-14,405.8
2014-10-13,391.0
2014-10-12,375.0
2014-10-11,366.0
2014-10-10,375.0
2014-10-09,375.7
2014-10-08,351.0
2014-10-07,334.6
2014-10-06,345.5
2014-10-05,341.2
2014-10-04,364.8
2014-10-03,375.1
2014-10-02,385.5
2014-10-01,389.0
2014-09-30,392.1
2014-09-29,383.0
2014-09-28,399.4
2014-09-27,405.0
2014-09-26,414.8
2014-09-25,420.6
2014-09-24,430.0
2014-09-23,440.5
2014-09-22,406.2
2014-09-21,412.5
2014-09-20,427.3
2014-09-19,428.4
2014-09-18,460.0
2014-09-17,469.0
2014-09-16,475.1
2014-09-15,478.8
2014-09-14,479.1
2014-09-13,480.8
2014-09-12,477.9
2014-09-11,480.8
2014-09-10,487.0
2014-09-09,475.5
2014-09-08,478.1
2014-09-07,483.6
2014-09-06,485.0
2014-09-05,488.6
2014-09-04,494.3
2014-09-03,478.9
2014-09-02,485.8
2014-09-01,489.5
2014-08-31,504.0
2014-08-30,506.9
2014-08-29,510.1
2014-08-28,513.3
2014-08-27,518.0
2014-08-26,514.7
2014-08-25,511.0
2014-08-24,512.8
2014-08-23,511.6
2014-08-22,521.5
2014-08-21,529.0
2014-08-20,525.0
2014-08-19,498.0
2014-08-18,506.7
2014-08-17,527.0
2014-08-16,527.8
2014-08-15,525.0
2014-08-14,549.0
2014-08-13,567.7
2014-08-12,570.5
2014-08-11,583.2
2014-08-10,586.4
2014-08-09,583.9
2014-08-08,587.6
2014-08-07,583.3
2014-08-06,583.7
2014-08-05,584.0
2014-08-04,587.8
2014-08-03,583.9
2014-08-02,593.3
2014-08-01,606.1
2014-07-31,586.0
2014-07-30,575.8
2014-07-29,585.7
2014-07-28,588.0
2014-07-27,595.0
2014-07-26,599.0
2014-07-25,605.3
2014-07-24,616.9
2014-07-23,618.6
2014-07-22,624.0
2014-07-21,621.8
2014-07-20,623.3
2014-07-19,627.2
2014-07-18,627.5
2014-07-17,631.1
2014-07-16,631.7
2014-07-15,624.0
2014-07-14,624.0
2014-07-13,626.0
2014-07-12,630.0
2014-07-11,625.5
2014-07-10,620.0
2014-07-09,624.7
2014-07-08,626.0
2014-07-07,635.0
2014-07-06,636.8
2014-07-05,636.0
2014-07-04,650.0
2014-07-03,652.0
2014-07-02,654.9
2014-07-01,662.0
2014-06-30,646.0
2014-06-29,607.0
2014-06-28,610.5
2014-06-27,606.2
2014-06-26,578.8
2014-06-25,585.0
2014-06-24,595.9
2014-06-23,609.7
2014-06-22,620.0
2014-06-21,601.6
2014-06-20,603.0
2014-06-19,613.8
2014-06-18,621.1
2014-06-17,614.3
2014-06-16,601.0
2014-06-15,571.8
2014-06-14,584.5
2014-06-13,615.6
2014-06-12,640.1
2014-06-11,657.3
2014-06-10,663.0
2014-06-09,663.9
2014-06-08,668.2
2014-06-07,663.0
2014-06-06,666.0
2014-06-05,670.0
2014-06-04,681.3
2014-06-03,693.9
2014-06-02,675.0
2014-06-01,687.3
2014-05-31,635.6
2014-05-30,629.0
2014-05-29,575.0
2014-05-28,580.0
2014-05-27,580.0
2014-05-26,580.1
2014-05-25,572.0
2014-05-24,505.0
2014-05-23,529.8
2014-05-22,507.0
2014-05-21,480.0
2014-05-20,480.0
2014-05-19,440.0
2014-05-18,438.8
2014-05-17,443.0
2014-05-16,443.0
2014-05-15,442.0
2014-05-14,444.0
2014-05-13,439.0
2014-05-12,441.0
2014-05-11,449.6
2014-05-10,452.3
2014-05-09,452.0
2014-05-08,447.0
2014-05-07,448.7
2014-05-06,431.5
2014-05-05,439.9
2014-05-04,440.6
2014-05-03,452.0
2014-05-02,459.6
2014-05-01,463.0
2014-04-30,450.0
2014-04-29,450.0
2014-04-28,448.0
2014-04-27,460.5
2014-04-26,470.5
2014-04-25,494.4
2014-04-24,497.5
2014-04-23,494.9
2014-04-22,501.0
2014-04-21,510.0
2014-04-20,512.5
2014-04-19,510.0
2014-04-18,504.4
2014-04-17,522.3
2014-04-16,522.8
2014-04-15,515.0
2014-04-14,464.0
2014-04-13,415.0
2014-04-12,430.0
2014-04-11,427.0
2014-04-10,440.2
2014-04-09,455.0
2014-04-08,458.3
2014-04-07,463.6
2014-04-06,463.3
2014-04-05,460.8
2014-04-04,458.1
2014-04-03,462.0
2014-04-02,490.5
2014-04-01,486.0
2014-03-31,485.0
2014-03-30,493.0
2014-03-29,507.0
2014-03-28,525.0
2014-03-27,589.3
2014-03-26,595.0
2014-03-25,586.7
2014-03-24,590.0
2014-03-23,570.3
2014-03-22,562.9
2014-03-21,605.4
2014-03-20,639.2
2014-03-19,622.9
2014-03-18,623.9
2014-03-17,635.7
2014-03-16,640.1
2014-03-15,641.6
2014-03-14,639.0
2014-03-13,645.1
2014-03-12,650.0
2014-03-11,615.0
2014-03-10,621.0
2014-03-09,621.0
2014-03-08,621.0
2014-03-07,663.0
2014-03-06,675.0
2014-03-05,675.8
2014-03-04,675.0
2014-03-03,685.0
2014-03-02,583.5
2014-03-01,571.8
2014-02-28,590.3
2014-02-27,592.5
2014-02-26,594.5
2014-02-25,567.0
2014-02-24,597.3
2014-02-23,624.1
2014-02-22,602.8
2014-02-21,591.5
2014-02-20,633.0
2014-02-19,638.0
2014-02-18,660.0
2014-02-17,663.8
2014-02-16,650.0
2014-02-15,655.7
2014-02-14,724.0
2014-02-13,671.9
2014-02-12,691.1
2014-02-11,761.7
2014-02-10,739.0
2014-02-09,720.0
2014-02-08,716.4
2014-02-07,755.1
2014-02-06,793.0
2014-02-05,808.0
2014-02-04,813.2
2014-02-03,814.1
2014-02-01,814.6
2014-01-31,803.3
2014-01-30,803.9
2014-01-29,800.0
2014-01-28,812.0
2014-01-27,810.9
2014-01-26,823.9
2014-01-25,810.0
2014-01-24,800.0
2014-01-23,820.0
2014-01-22,807.0
2014-01-21,824.7
2014-01-20,831.0
2014-01-19,830.0
2014-01-18,815.0
2014-01-17,820.7
2014-01-16,847.1
2014-01-15,842.2
2014-01-14,833.4
2014-01-13,857.3
2014-01-12,892.0
2014-01-11,900.3
2014-01-10,834.7
2014-01-09,850.0
2014-01-08,838.0
2014-01-07,928.7
2014-01-06,950.0
2014-01-05,904.0
2014-01-04,806.5
2014-01-03,812.1
2014-01-02,775.0
2014-01-01,757.0
2013-12-31,731.5
2013-12-30,740.0
2013-12-29,714.3
2013-12-28,732.0
2013-12-27,757.7
2013-12-26,741.3
2013-12-24,668.7
2013-12-23,653.2
2013-12-22,669.6
2013-12-21,656.7
2013-12-20,732.0
2013-12-19,716.4
2013-12-18,668.8
2013-12-17,759.8
2013-12-16,896.8
2013-12-15,891.2
2013-12-14,909.7
2013-12-13,954.0
2013-12-12,915.0
2013-12-11,1005.6
2013-12-10,1030.4
2013-12-09,945.0
2013-12-08,758.5
2013-12-07,1200.0
2013-12-06,1028.2
2013-12-05,1135.0
2013-12-04,1149.5
2013-12-03,1048.0
2013-12-02,1031.1
2013-12-01,998.1
2013-11-30,1115.0
2013-11-29,1124.4
2013-11-28,1031.1
2013-11-27,948.9
2013-11-26,849.6
2013-11-25,789.0
2013-11-24,813.7
2013-11-23,842.2
2013-11-22,760.0
2013-11-21,700.0
2013-11-20,550.0
2013-11-19,690.9
2013-11-18,590.6
2013-11-17,473.3
2013-11-16,436.0
2013-11-15,436.1
2013-11-14,419.5
2013-11-13,387.7
2013-11-12,355.3
2013-11-11,342.8
2013-11-10,311.9
2013-11-09,336.1
2013-11-08,323.8
2013-11-07,283.3
2013-11-06,253.7
2013-11-05,239.3
2013-11-04,225.2
2013-11-03,207.6
2013-11-02,200.9
2013-11-01,198.5
2013-10-31,198.2
2013-10-30,194.6
2013-10-29,198.2
2013-10-28,187.9
2013-10-27,185.7
2013-10-26,175.9
2013-10-25,178.1
2013-10-24,183.1
2013-10-23,200.6
2013-10-22,183.9
2013-10-21,174.2
2013-10-20,163.1
2013-10-19,159.8
2013-10-18,149.6
2013-10-17,142.7
2013-10-16,137.4
2013-10-15,138.6
2013-10-14,133.0
2013-10-13,130.4
2013-10-12,126.5
2013-10-11,125.5
2013-10-10,125.7
2013-10-09,125.8
2013-10-08,124.3
2013-10-07,123.2
2013-10-06,121.7
2013-10-05,121.1
2013-10-04,121.3
2013-10-03,116.8
2013-10-02,99.8
2013-10-01,125.5
2013-09-30,123.1
2013-09-29,125.2
2013-09-28,124.8
2013-09-27,123.5
2013-09-26,123.5
2013-09-25,123.4
2013-09-24,122.5
2013-09-23,122.2
2013-09-22,122.7
2013-09-21,122.6
2013-09-20,122.9
2013-09-19,124.2
2013-09-18,126.3
2013-09-17,126.0
2013-09-16,125.1
2013-09-15,124.6
2013-09-14,124.1
2013-09-13,126.5
2013-09-12,125.8
2013-09-11,125.4
2013-09-10,121.5
2013-09-09,120.0
2013-09-08,116.6
2013-09-07,119.1
2013-09-06,116.3
2013-09-05,120.5
2013-09-04,120.6
2013-09-03,127.6
2013-09-02,127.4
2013-09-01,128.3
2013-08-31,129.5
2013-08-30,123.2
2013-08-29,117.5
2013-08-28,117.6
2013-08-27,117.4
2013-08-26,112.2
2013-08-25,111.8
2013-08-24,108.7
2013-08-23,107.6
2013-08-22,109.7
2013-08-21,111.4
2013-08-20,105.0
2013-08-19,102.3
2013-08-18,98.8
2013-08-17,99.6
2013-08-16,98.3
2013-08-15,97.5
2013-08-14,98.0
2013-08-13,97.9
2013-08-12,95.1
2013-08-11,94.2
2013-08-10,93.3
2013-08-09,93.4
2013-08-08,94.8
2013-08-07,96.9
2013-08-06,97.1
2013-08-05,96.9
2013-08-04,96.6
2013-08-03,96.7
2013-08-02,97.2
2013-08-01,96.4
2013-07-31,97.9
2013-07-30,96.3
2013-07-29,93.3
2013-07-28,92.1
2013-07-27,89.1
2013-07-26,90.6
2013-07-25,89.4
2013-07-24,87.5
2013-07-23,86.9
2013-07-22,86.1
2013-07-21,85.5
2013-07-20,85.7
2013-07-19,85.8
2013-07-18,85.4
2013-07-17,90.5
2013-07-16,92.7
2013-07-15,93.1
2013-07-14,90.4
2013-07-13,91.4
2013-07-12,88.5
2013-07-11,91.2
2013-07-10,84.5
2013-07-09,74.2
2013-07-08,74.6
2013-07-07,72.5
2013-07-06,66.8
2013-07-05,66.3
2013-07-04,77.7
2013-07-03,76.9
2013-07-02,87.7
2013-07-01,84.6
2013-06-30,97.5
2013-06-29,95.0
2013-06-28,94.7
2013-06-27,101.7
2013-06-26,104.0
2013-06-25,103.3
2013-06-24,102.1
2013-06-23,107.9
2013-06-22,108.2
2013-06-21,109.5
2013-06-20,111.3
2013-06-19,108.3
2013-06-18,107.3
2013-06-17,101.9
2013-06-16,99.9
2013-06-15,99.8
2013-06-14,100.0
2013-06-13,103.9
2013-06-12,108.8
2013-06-11,109.0
2013-06-10,106.3
2013-06-09,100.4
2013-06-08,107.9
2013-06-07,111.0
2013-06-06,119.0
2013-06-05,121.9
2013-06-04,121.4
2013-06-03,120.7
2013-06-02,122.5
2013-06-01,129.3
2013-05-31,128.8
2013-05-30,128.8
2013-05-29,132.3
2013-05-28,129.0
2013-05-27,129.8
2013-05-26,133.5
2013-05-25,132.0
2013-05-24,133.1
2013-05-23,126.3
2013-05-22,123.8
2013-05-21,122.9
2013-05-20,122.0
2013-05-19,122.5
2013-05-18,123.2
2013-05-17,123.5
2013-05-16,118.2
2013-05-15,114.2
2013-05-14,111.4
2013-05-13,118.0
2013-05-12,114.8
2013-05-11,115.6
2013-05-10,117.7
2013-05-09,112.8
2013-05-08,113.2
2013-05-07,109.6
2013-05-06,112.3
2013-05-05,116.0
2013-05-04,112.9
2013-05-03,98.1
2013-05-02,106.3
2013-05-01,116.4
2013-04-30,139.2
2013-04-29,144.0
2013-04-28,134.4
2013-04-27,128.0
2013-04-26,136.9
2013-04-25,141.7
2013-04-24,154.2
2013-04-23,143.5
2013-04-22,127.4
2013-04-21,119.2
2013-04-20,126.6
2013-04-19,118.5
2013-04-18,109.0
2013-04-17,93.1
2013-04-16,68.4
2013-04-15,82.4
2013-04-14,90.0
2013-04-13,93.0
2013-04-12,117.0
2013-04-11,124.9
2013-04-10,165.0
2013-04-09,230.0
2013-04-08,187.5
2013-04-07,162.3
2013-04-06,142.6
2013-04-05,142.3
2013-04-04,132.1
2013-04-03,135.0
2013-04-02,118.0
2013-04-01,104.0
2013-03-31,93.0
2013-03-30,92.2
2013-03-29,90.5
2013-03-28,86.2
2013-03-27,88.9
2013-03-26,78.5
2013-03-25,73.6
2013-03-24,71.5
2013-03-23,64.3
2013-03-22,69.9
2013-03-21,70.8
2013-03-20,64.5
2013-03-19,59.1
2013-03-18,51.6
2013-03-17,47.4
2013-03-16,47.0
2013-03-15,47.0
2013-03-14,47.2
2013-03-13,46.9
2013-03-12,44.3
2013-03-11,48.4
2013-03-10,46.0
2013-03-09,46.8
2013-03-08,44.2
2013-03-07,42.0
2013-03-06,41.0
2013-03-05,40.3
2013-03-04,36.2
2013-03-03,34.5
2013-03-02,34.3
2013-03-01,34.5
2013-02-28,33.4
2013-02-27,30.9
2013-02-26,31.1
2013-02-25,30.4
2013-02-24,29.9
2013-02-23,29.8
2013-02-22,30.3
2013-02-21,29.8
2013-02-20,29.6
2013-02-19,29.4
2013-02-18,27.0
2013-02-17,26.8
2013-02-16,27.2
2013-02-15,27.1
2013-02-14,27.2
2013-02-13,24.2
2013-02-12,25.2
2013-02-11,24.6
2013-02-10,24.0
2013-02-09,23.6
2013-02-08,22.7
2013-02-07,22.1
2013-02-06,21.2
2013-02-05,20.6
2013-02-04,20.4
2013-02-03,20.6
2013-02-02,19.6
2013-02-01,20.5
2013-01-31,20.4
2013-01-30,19.7
2013-01-29,19.5
2013-01-28,18.7
2013-01-27,17.8
2013-01-26,17.9
2013-01-25,17.4
2013-01-24,16.9
2013-01-23,17.5
2013-01-22,17.3
2013-01-21,16.8
2013-01-20,15.7
2013-01-19,15.6
2013-01-18,15.7
2013-01-17,15.5
2013-01-16,14.7
2013-01-15,14.3
2013-01-14,14.3
2013-01-13,14.1
2013-01-12,14.2
2013-01-11,14.1
2013-01-10,14.1
2013-01-09,13.8
2013-01-08,13.7
2013-01-07,13.6
2013-01-06,13.4
2013-01-05,13.4
2013-01-04,13.5
2013-01-03,13.4
2013-01-02,13.3
2013-01-01,13.3
2012-12-31,13.5
2012-12-30,13.4
2012-12-29,13.4
2012-12-28,13.4
2012-12-27,13.4
2012-12-26,13.5
2012-12-25,13.4
2012-12-24,13.4
2012-12-23,13.3
2012-12-22,13.4
2012-12-21,13.5
2012-12-20,13.5
2012-12-19,13.6
2012-12-18,13.3
2012-12-17,13.3
2012-12-16,13.3
2012-12-15,13.5
2012-12-14,13.6
2012-12-13,13.7
2012-12-12,13.7
2012-12-11,13.6
2012-12-10,13.4
2012-12-09,13.4
2012-12-08,13.4
2012-12-07,13.5
2012-12-06,13.3
2012-12-05,13.4
2012-12-04,13.4
2012-12-03,12.7
2012-12-02,12.5
2012-12-01,12.6
2012-11-30,12.6
2012-11-29,12.4
2012-11-28,12.4
2012-11-27,12.2
2012-11-26,12.3
2012-11-25,12.5
2012-11-24,12.4
2012-11-23,12.3
2012-11-22,12.4
2012-11-21,11.8
2012-11-20,11.7
2012-11-19,11.8
2012-11-18,11.6
2012-11-17,11.8
2012-11-16,11.8
2012-11-15,11.2
2012-11-14,10.9
2012-11-13,10.9
2012-11-12,11.0
2012-11-11,10.9
2012-11-10,10.9
2012-11-09,10.8
2012-11-08,10.9
2012-11-07,10.9
2012-11-06,10.9
2012-11-05,10.8
2012-11-04,10.8
2012-11-03,10.6
2012-11-02,10.5
2012-11-01,10.6
2012-10-31,11.2
2012-10-30,10.9
2012-10-29,10.6
2012-10-28,10.7
2012-10-27,10.3
2012-10-26,10.2
2012-10-25,10.9
2012-10-24,11.6
2012-10-23,11.6
2012-10-22,11.7
2012-10-21,11.6
2012-10-20,11.7
2012-10-19,11.7
2012-10-18,11.9
2012-10-17,11.8
2012-10-16,11.9
2012-10-15,11.8
2012-10-14,11.7
2012-10-13,11.9
2012-10-12,12.0
2012-10-11,12.0
2012-10-10,12.1
2012-10-09,11.9
2012-10-08,11.8
2012-10-07,11.8
2012-10-06,12.5
2012-10-05,12.7
2012-10-04,12.9
2012-10-03,12.9
2012-10-02,12.8
2012-10-01,12.4
2012-09-30,12.4
2012-09-29,12.4
2012-09-28,12.4
2012-09-27,12.3
2012-09-26,12.3
2012-09-25,12.2
2012-09-24,12.1
2012-09-23,12.2
2012-09-22,12.2
2012-09-21,12.4
2012-09-20,12.3
2012-09-19,12.6
2012-09-18,12.3
2012-09-17,11.9
2012-09-16,11.9
2012-09-15,11.8
2012-09-14,11.7
2012-09-13,11.4
2012-09-12,11.4
2012-09-11,11.3
2012-09-10,11.2
2012-09-09,11.0
2012-09-08,11.0
2012-09-07,11.0
2012-09-06,11.2
2012-09-05,11.0
2012-09-04,10.4
2012-09-03,10.5
2012-09-02,10.2
2012-09-01,10.0
2012-08-31,10.2
2012-08-30,10.8
2012-08-29,10.9
2012-08-28,10.9
2012-08-27,10.9
2012-08-26,10.6
2012-08-25,10.5
2012-08-24,10.6
2012-08-23,10.1
2012-08-22,9.8
2012-08-21,9.9
2012-08-20,10.1
2012-08-19,8.0
2012-08-18,11.6
2012-08-17,11.6
2012-08-16,13.5
2012-08-15,13.3
2012-08-14,12.2
2012-08-13,12.0
2012-08-12,11.6
2012-08-11,11.5
2012-08-10,11.4
2012-08-09,11.1
2012-08-08,11.1
2012-08-07,11.1
2012-08-06,10.9
2012-08-05,10.9
2012-08-04,11.0
2012-08-03,11.0
2012-08-02,10.5
2012-08-01,9.6
2012-07-31,9.4
2012-07-30,9.1
2012-07-29,8.7
2012-07-28,8.9
2012-07-27,8.9
2012-07-26,8.9
2012-07-25,8.8
2012-07-24,8.6
2012-07-23,8.4
2012-07-22,8.4
2012-07-21,8.9
2012-07-20,8.5
2012-07-19,8.9
2012-07-18,9.1
2012-07-17,8.8
2012-07-16,8.5
2012-07-15,7.6
2012-07-14,7.5
2012-07-13,7.7
2012-07-12,7.8
2012-07-11,7.2
2012-07-10,7.2
2012-07-09,7.0
2012-07-08,6.8
2012-07-07,6.8
2012-07-06,6.7
2012-07-05,6.7
2012-07-04,6.5
2012-07-03,6.4
2012-07-02,6.8
2012-07-01,6.6
2012-06-30,6.7
2012-06-29,6.7
2012-06-28,6.6
2012-06-27,6.7
2012-06-26,6.4
2012-06-25,6.3
2012-06-24,6.3
2012-06-23,6.4
2012-06-22,6.6
2012-06-21,6.7
2012-06-20,6.7
2012-06-19,6.5
2012-06-18,6.3
2012-06-17,6.2
2012-06-16,6.4
2012-06-15,6.5
2012-06-14,5.9
2012-06-13,5.9
2012-06-12,5.7
2012-06-11,5.6
2012-06-10,5.5
2012-06-09,5.6
2012-06-08,5.6
2012-06-07,5.6
2012-06-06,5.5
2012-06-05,5.4
2012-06-04,5.3
2012-06-03,5.2
2012-06-02,5.3
2012-06-01,5.3
2012-05-31,5.2
2012-05-30,5.1
2012-05-29,5.2
2012-05-28,5.1
2012-05-27,5.1
2012-05-26,5.1
2012-05-25,5.2
2012-05-24,5.1
2012-05-23,5.1
2012-05-22,5.1
2012-05-21,5.1
2012-05-20,5.1
2012-05-19,5.1
2012-05-18,5.1
2012-05-17,5.1
2012-05-16,5.1
2012-05-15,5.0
2012-05-14,5.0
2012-05-13,4.9
2012-05-12,4.9
2012-05-11,5.0
2012-05-10,4.8
2012-05-09,5.0
2012-05-08,5.1
2012-05-07,5.1
2012-05-06,5.1
2012-05-05,5.1
2012-05-04,5.1
2012-05-03,5.1
2012-05-02,5.1
2012-05-01,5.0
2012-04-30,4.9
2012-04-29,4.9
2012-04-28,5.0
2012-04-27,5.1
2012-04-26,5.1
2012-04-25,5.1
2012-04-24,5.1
2012-04-23,5.0
2012-04-22,5.2
2012-04-21,5.3
2012-04-20,5.3
2012-04-19,5.1
2012-04-18,5.1
2012-04-17,5.0
2012-04-16,4.9
2012-04-15,5.0
2012-04-14,5.0
2012-04-13,4.9
2012-04-12,4.9
2012-04-11,4.9
2012-04-10,4.8
2012-04-09,4.9
2012-04-08,4.8
2012-04-07,4.7
2012-04-06,4.9
2012-04-05,4.9
2012-04-04,4.9
2012-04-03,4.9
2012-04-02,5.0
2012-04-01,4.8
2012-03-31,4.9
2012-03-30,4.9
2012-03-29,4.8
2012-03-28,4.8
2012-03-27,4.8
2012-03-26,4.6
2012-03-25,4.6
2012-03-24,4.7
2012-03-23,4.7
2012-03-22,4.7
2012-03-21,4.8
2012-03-20,4.8
2012-03-19,4.7
2012-03-18,5.3
2012-03-17,5.2
2012-03-16,5.3
2012-03-15,5.3
2012-03-14,5.4
2012-03-13,5.3
2012-03-12,4.9
2012-03-11,4.9
2012-03-10,4.8
2012-03-09,4.9
2012-03-08,4.9
2012-03-07,4.9
2012-03-06,5.0
2012-03-05,5.0
2012-03-04,4.8
2012-03-03,4.6
2012-03-02,4.7
2012-03-01,4.9
2012-02-29,4.9
2012-02-28,4.9
2012-02-27,5.0
2012-02-26,4.9
2012-02-25,4.8
2012-02-24,5.0
2012-02-23,5.0
2012-02-22,4.4
2012-02-21,4.3
2012-02-20,4.4
2012-02-19,4.4
2012-02-18,4.2
2012-02-17,4.4
2012-02-16,4.3
2012-02-15,4.3
2012-02-14,4.5
2012-02-13,5.3
2012-02-12,5.5
2012-02-11,5.6
2012-02-10,5.9
2012-02-09,5.8
2012-02-08,5.6
2012-02-07,5.7
2012-02-06,5.4
2012-02-05,5.7
2012-02-04,5.9
2012-02-03,6.0
2012-02-02,6.1
